EntryID,SignFrequency(M),SignType,SelectedFingers,Flexion,MajorLocation,Movement
peg,1.192,Other,i,4,Hand,Other
stethoscope,1.333,SymmetricalOrAlternating,i,4,Head,None
emperor,1.407,OneHanded,imrp,2,Body,Curved
parachute,1.548,Other,imrp,7,Hand,Straight
saw,1.571,OneHanded,imrp,7,Neutral,BackAndForth
castle,1.579,SymmetricalOrAlternating,im,5,Neutral,Straight
thief_1,1.588,OneHanded,im,1,Head,Straight
headphones,1.63,SymmetricalOrAlternating,imrp,5,Head,BackAndForth
coins,1.632,AsymmetricalDifferentHandshape,imrp,4,Hand,None
dart,1.643,OneHanded,i,6,Neutral,BackAndForth
sail,1.652,AsymmetricalDifferentHandshape,imrp,3,Neutral,Straight
microscope,1.667,SymmetricalOrAlternating,imrp,6,Head,None
hippo,1.692,SymmetricalOrAlternating,p,1,Neutral,BackAndForth
pop,1.696,AsymmetricalDifferentHandshape,i,6,Hand,BackAndForth
violin,1.72,AsymmetricalSameHandshape,i,6,Arm,BackAndForth
witch,1.739,OneHanded,i,2,Head,Curved
juggle,1.778,SymmetricalOrAlternating,imrp,7,Neutral,Circular
swing,1.8,OneHanded,imrp,1,Neutral,BackAndForth
tornado,1.815,SymmetricalOrAlternating,i,7,Neutral,Straight
blinds_2,1.826,SymmetricalOrAlternating,imrp,1,Neutral,Straight
drown,1.875,AsymmetricalDifferentHandshape,imrp,7,Hand,Curved
tail,1.875,OneHanded,i,6,Other,BackAndForth
skateboarding,1.893,AsymmetricalDifferentHandshape,im,Stacked,Hand,None
bowtie,1.903,SymmetricalOrAlternating,im,7,Body,None
pipe,1.909,OneHanded,p,1,Head,BackAndForth
envelope,1.913,OneHanded,imrp,1,Head,Circular
rhino,1.917,OneHanded,p,1,Head,BackAndForth
kangaroo,1.958,SymmetricalOrAlternating,imrp,4,Neutral,BackAndForth
cross,1.967,OneHanded,imrp,5,Neutral,Other
corn_2,2.0,SymmetricalOrAlternating,imrp,5,Head,None
pineapple,2.0,AsymmetricalDifferentHandshape,i,5,Hand,None
drum,2.0,SymmetricalOrAlternating,i,2,Neutral,BackAndForth
kite,2.037,AsymmetricalDifferentHandshape,imrp,1,Neutral,Other
goat,2.037,OneHanded,im,2,Head,Other
pool_game,2.038,Other,i,7,Neutral,BackAndForth
mime,2.048,SymmetricalOrAlternating,imrp,4,Body,Circular
rollerskating,2.074,SymmetricalOrAlternating,im,2,Neutral,BackAndForth
silver,2.077,OneHanded,imrp,7,Head,BackAndForth
rope,2.083,AsymmetricalSameHandshape,im,Crossed,Hand,Other
rollerblade,2.111,SymmetricalOrAlternating,imrp,1,Neutral,BackAndForth
worm,2.125,AsymmetricalDifferentHandshape,i,1,Hand,Straight
belt,2.13,SymmetricalOrAlternating,im,1,Body,Curved
tie,2.143,OneHanded,im,3,Body,Curved
piano,2.16,SymmetricalOrAlternating,imrp,1,Neutral,BackAndForth
metaphor,2.167,AsymmetricalDifferentHandshape,i,2,Hand,Curved
engagement,2.2,AsymmetricalDifferentHandshape,im,2,Hand,Circular
ego,2.2,OneHanded,p,1,Body,Circular
blinds_1,2.2,AsymmetricalDifferentHandshape,imrp,1,Neutral,None
canoe,2.222,SymmetricalOrAlternating,imrp,7,Neutral,Other
shame,2.231,SymmetricalOrAlternating,imrp,5,Head,Curved
rake,2.231,AsymmetricalDifferentHandshape,imrp,5,Hand,Circular
scarf,2.24,AsymmetricalSameHandshape,imrp,3,Body,Other
speakers,2.25,SymmetricalOrAlternating,imrp,6,Neutral,BackAndForth
cigar,2.25,OneHanded,im,Crossed,Head,BackAndForth
magnet,2.25,SymmetricalOrAlternating,m,3,Neutral,Straight
mcdonalds_2,2.259,OneHanded,imrp,4,Neutral,Curved
mustache,2.261,SymmetricalOrAlternating,i,4,Head,BackAndForth
steak,2.261,AsymmetricalDifferentHandshape,i,4,Hand,None
egypt,2.276,OneHanded,i,2,Head,BackAndForth
windmill,2.286,AsymmetricalDifferentHandshape,im,1,Hand,None
drawer,2.286,SymmetricalOrAlternating,imrp,5,Neutral,BackAndForth
crawl,2.296,AsymmetricalDifferentHandshape,im,2,Hand,Straight
downsize_1,2.308,SymmetricalOrAlternating,i,1,Neutral,Straight
israel,2.32,OneHanded,p,1,Head,BackAndForth
dinosaur,2.333,AsymmetricalDifferentHandshape,imrp,4,Neutral,BackAndForth
bowling,2.346,OneHanded,imrp,5,Neutral,BackAndForth
helmet,2.36,SymmetricalOrAlternating,imrp,5,Head,Curved
dive,2.37,AsymmetricalDifferentHandshape,im,3,Hand,Curved
tobacco,2.37,OneHanded,imrp,4,Head,None
binoculars,2.375,SymmetricalOrAlternating,imrp,5,Head,None
tennis,2.387,OneHanded,i,7,Neutral,Other
jelly,2.391,AsymmetricalDifferentHandshape,p,1,Hand,None
foreigner_1,2.407,OneHanded,imrp,1,Arm,Circular
iron,2.423,AsymmetricalDifferentHandshape,imrp,7,Hand,BackAndForth
greece,2.429,OneHanded,i,3,Head,BackAndForth
curtain,2.444,SymmetricalOrAlternating,imrp,1,Neutral,Other
meat,2.474,AsymmetricalDifferentHandshape,imrp,4,Hand,None
sew,2.48,AsymmetricalSameHandshape,i,6,Hand,Circular
helicopter,2.481,AsymmetricalDifferentHandshape,imrp,1,Hand,Straight
thanksgiving,2.481,OneHanded,im,1,Head,BackAndForth
shave,2.5,OneHanded,imrp,7,Head,BackAndForth
dolphin,2.5,AsymmetricalDifferentHandshape,im,Crossed,Arm,BackAndForth
hunt,2.5,SymmetricalOrAlternating,im,1,Neutral,BackAndForth
hammer,2.5,OneHanded,i,7,Neutral,BackAndForth
turkey,2.5,OneHanded,i,4,Head,Other
pepsi,2.5,OneHanded,p,1,Head,BackAndForth
museum,2.517,SymmetricalOrAlternating,imrp,4,Neutral,Curved
crocodile,2.519,SymmetricalOrAlternating,imrp,2,Neutral,BackAndForth
verb,2.522,OneHanded,im,1,Head,BackAndForth
strawberry,2.524,OneHanded,i,6,Head,BackAndForth
fraud,2.526,OneHanded,i,1,Body,BackAndForth
sneeze,2.533,OneHanded,im,7,Head,Straight
kneel,2.533,AsymmetricalDifferentHandshape,im,2,Hand,None
magic,2.538,SymmetricalOrAlternating,imrp,5,Neutral,None
priest,2.538,OneHanded,i,4,Body,BackAndForth
perfume,2.556,OneHanded,p,1,Body,Curved
papercutter,2.56,AsymmetricalSameHandshape,imrp,1,Hand,Circular
cheat_2,2.56,AsymmetricalDifferentHandshape,ip,1,Arm,BackAndForth
revenge,2.56,AsymmetricalDifferentHandshape,i,6,Head,Curved
japan,2.565,SymmetricalOrAlternating,i,3,Neutral,BackAndForth
french,2.571,OneHanded,i,6,Neutral,None
faucet,2.577,SymmetricalOrAlternating,imrp,5,Neutral,BackAndForth
radio,2.581,OneHanded,imrp,5,Head,None
gorilla,2.593,SymmetricalOrAlternating,imrp,7,Body,BackAndForth
pillow,2.593,SymmetricalOrAlternating,imrp,1,Head,None
diamond,2.613,AsymmetricalDifferentHandshape,mrp,6,Hand,BackAndForth
monkey,2.619,SymmetricalOrAlternating,imrp,5,Body,None
nephew,2.621,OneHanded,im,4,Head,None
guitar,2.63,AsymmetricalSameHandshape,imrp,2,Neutral,BackAndForth
preacher,2.63,OneHanded,i,6,Neutral,BackAndForth
rat,2.63,OneHanded,im,Crossed,Head,BackAndForth
giraffe,2.636,AsymmetricalSameHandshape,imrp,5,Body,Straight
fox,2.64,OneHanded,i,6,Head,None
inject,2.654,OneHanded,i,1,Arm,Straight
freckles,2.667,SymmetricalOrAlternating,imrp,5,Head,BackAndForth
rooster,2.667,OneHanded,im,1,Head,BackAndForth
dentist,2.677,OneHanded,imrp,7,Head,BackAndForth
parade,2.68,SymmetricalOrAlternating,imrp,3,Neutral,BackAndForth
clown,2.68,OneHanded,imrp,5,Head,None
leaf,2.68,OneHanded,i,1,Neutral,Straight
glow,2.696,SymmetricalOrAlternating,m,3,Head,BackAndForth
whip,2.696,OneHanded,i,2,Neutral,BackAndForth
ear,2.704,OneHanded,i,6,Head,BackAndForth
clock,2.704,AsymmetricalDifferentHandshape,i,1,Hand,None
pirate,2.72,OneHanded,imrp,1,Head,BackAndForth
rabbit,2.724,SymmetricalOrAlternating,im,1,Head,None
plunger,2.727,SymmetricalOrAlternating,imrp,7,Neutral,BackAndForth
think_over,2.731,AsymmetricalDifferentHandshape,i,1,Head,Circular
owl,2.731,SymmetricalOrAlternating,imrp,6,Head,BackAndForth
frog,2.731,OneHanded,im,7,Head,BackAndForth
mechanic_2,2.741,AsymmetricalDifferentHandshape,im,1,Hand,None
stamp,2.762,AsymmetricalSameHandshape,im,1,Head,Straight
mascara,2.769,OneHanded,i,1,Head,None
squirrel,2.8,AsymmetricalSameHandshape,im,2,Head,BackAndForth
skate,2.8,SymmetricalOrAlternating,i,2,Neutral,BackAndForth
mock,2.8,SymmetricalOrAlternating,ip,1,Neutral,Straight
penny,2.808,OneHanded,i,3,Head,Straight
drill,2.808,AsymmetricalDifferentHandshape,i,1,Hand,Straight
recording,2.84,SymmetricalOrAlternating,m,3,Neutral,Circular
cocacola,2.846,OneHanded,thumb,1,Arm,None
eagle,2.846,OneHanded,i,2,Head,BackAndForth
corkscrew,2.85,AsymmetricalSameHandshape,imrp,7,Hand,BackAndForth
balloon,2.852,SymmetricalOrAlternating,imrp,7,Head,Straight
shirt,2.867,OneHanded,i,6,Body,BackAndForth
basement,2.867,AsymmetricalDifferentHandshape,thumb,1,Hand,Circular
gloves,2.885,AsymmetricalSameHandshape,imrp,1,Hand,BackAndForth
fly,2.885,SymmetricalOrAlternating,imrp,1,Neutral,None
cabinet,2.9,SymmetricalOrAlternating,imrp,5,Neutral,BackAndForth
arm,2.9,OneHanded,imrp,5,Arm,Other
fireman,2.913,OneHanded,imrp,1,Head,BackAndForth
desert,2.917,OneHanded,i,5,Head,Straight
flashlight,2.92,OneHanded,m,6,Head,None
italy,2.92,OneHanded,i,5,Neutral,BackAndForth
catholic,2.92,OneHanded,im,1,Head,Other
lobster,2.923,SymmetricalOrAlternating,imrp,5,Neutral,None
screwdriver,2.923,AsymmetricalDifferentHandshape,im,1,Hand,None
germany,2.926,SymmetricalOrAlternating,imrp,1,Neutral,None
whistle,2.926,OneHanded,im,2,Head,BackAndForth
channel,2.933,OneHanded,imrp,5,Neutral,None
boots,2.933,SymmetricalOrAlternating,imrp,1,Neutral,BackAndForth
foreigner_2,2.933,OneHanded,i,6,Arm,Circular
knitting,2.958,SymmetricalOrAlternating,i,1,Neutral,None
crazy,2.962,OneHanded,i,1,Head,Circular
paintbrush,2.963,AsymmetricalDifferentHandshape,im,1,Hand,BackAndForth
tear,2.967,OneHanded,i,1,Head,Straight
comb,3.0,OneHanded,imrp,5,Head,BackAndForth
wolf,3.0,OneHanded,imrp,3,Head,Curved
wink,3.0,OneHanded,i,3,Head,None
pepper,3.0,OneHanded,i,6,Neutral,BackAndForth
bridesmaid,3.0,SymmetricalOrAlternating,imrp,7,Neutral,BackAndForth
sing,3.0,AsymmetricalSameHandshape,imrp,1,Arm,BackAndForth
hockey,3.0,AsymmetricalDifferentHandshape,i,2,Hand,Circular
benefit,3.0,OneHanded,i,6,Body,BackAndForth
jigsaw_puzzle,3.0,SymmetricalOrAlternating,thumb,1,Neutral,BackAndForth
haircut,3.0,SymmetricalOrAlternating,im,1,Head,Curved
trophy,3.0,SymmetricalOrAlternating,p,1,Neutral,BackAndForth
surf,3.032,AsymmetricalDifferentHandshape,im,2,Hand,BackAndForth
1_dollar,3.034,AsymmetricalDifferentHandshape,imrp,7,Hand,BackAndForth
lightning,3.038,OneHanded,i,1,Neutral,BackAndForth
loyal,3.038,OneHanded,i,3,Body,Circular
china,3.038,OneHanded,i,1,Body,None
pliers,3.04,OneHanded,imrp,5,Neutral,BackAndForth
king,3.067,OneHanded,im,Stacked,Body,Curved
steal,3.067,OneHanded,im,1,Arm,Straight
necklace,3.074,SymmetricalOrAlternating,i,1,Body,Curved
underwear,3.08,SymmetricalOrAlternating,i,1,Body,BackAndForth
lawnmower,3.08,SymmetricalOrAlternating,imrp,7,Neutral,BackAndForth
tiger,3.097,SymmetricalOrAlternating,imrp,1,Head,BackAndForth
snow,3.097,OneHanded,imrp,1,Body,Straight
france,3.111,OneHanded,i,6,Neutral,Circular
volleyball,3.111,SymmetricalOrAlternating,m,6,Neutral,BackAndForth
russia,3.111,OneHanded,i,1,Head,Other
bear,3.115,SymmetricalOrAlternating,imrp,1,Body,BackAndForth
indian,3.138,OneHanded,thumb,1,Head,None
download,3.138,SymmetricalOrAlternating,mrp,6,Neutral,Straight
europe,3.138,OneHanded,imrp,2,Head,Circular
surgeon,3.148,AsymmetricalDifferentHandshape,thumb,1,Hand,Straight
ski,3.148,SymmetricalOrAlternating,i,2,Neutral,BackAndForth
zipper,3.148,AsymmetricalSameHandshape,imrp,7,Body,BackAndForth
electrician,3.148,SymmetricalOrAlternating,i,2,Neutral,BackAndForth
island,3.161,AsymmetricalDifferentHandshape,p,1,Hand,Circular
angel,3.167,SymmetricalOrAlternating,imrp,1,Body,None
disney,3.167,OneHanded,m,6,Head,None
bone,3.167,SymmetricalOrAlternating,im,2,Neutral,BackAndForth
shovel,3.167,SymmetricalOrAlternating,imrp,7,Neutral,Other
cloud_1,3.167,SymmetricalOrAlternating,imrp,2,Head,Circular
ring,3.174,AsymmetricalDifferentHandshape,i,6,Hand,BackAndForth
measure,3.179,AsymmetricalSameHandshape,p,1,Hand,None
fishing,3.185,Other,i,2,Neutral,BackAndForth
dancer,3.185,AsymmetricalDifferentHandshape,im,1,Hand,BackAndForth
pretend,3.192,OneHanded,i,1,Head,BackAndForth
spider,3.192,SymmetricalOrAlternating,imrp,5,Neutral,Straight
humble,3.2,OneHanded,i,1,Head,None
hairdryer,3.2,OneHanded,i,1,Head,BackAndForth
river,3.2,OneHanded,imr,1,Head,None
sheep,3.222,AsymmetricalDifferentHandshape,im,1,Arm,Circular
dice,3.222,OneHanded,imrp,7,Neutral,BackAndForth
gold,3.231,OneHanded,i,1,Head,None
mouth,3.233,OneHanded,i,1,Head,Circular
beat,3.24,AsymmetricalDifferentHandshape,imrp,7,Hand,Straight
bra,3.24,SymmetricalOrAlternating,i,1,Body,BackAndForth
accountant,3.24,AsymmetricalDifferentHandshape,i,6,Hand,Circular
shiny,3.259,AsymmetricalDifferentHandshape,m,3,Hand,BackAndForth
sweep,3.259,AsymmetricalSameHandshape,imrp,1,Hand,Circular
elephant,3.259,OneHanded,imrp,1,Head,Other
chicago,3.259,OneHanded,imrp,5,Neutral,Other
furniture,3.261,OneHanded,i,6,Neutral,BackAndForth
jewish,3.267,OneHanded,imrp,3,Head,BackAndForth
church,3.267,AsymmetricalDifferentHandshape,imrp,5,Hand,BackAndForth
concept,3.273,OneHanded,imrp,5,Head,Straight
carrot,3.296,OneHanded,imrp,7,Head,None
cake,3.296,AsymmetricalDifferentHandshape,imrp,5,Hand,Straight
beard,3.3,SymmetricalOrAlternating,imrp,5,Head,Curved
blind,3.32,OneHanded,im,5,Head,Curved
lion,3.32,OneHanded,imrp,2,Head,Curved
thin,3.333,SymmetricalOrAlternating,p,1,Neutral,Straight
golf,3.333,Other,i,2,Neutral,Curved
doll,3.333,OneHanded,i,2,Head,BackAndForth
heaven,3.333,SymmetricalOrAlternating,imrp,3,Neutral,Other
dryer,3.333,OneHanded,i,1,Head,Straight
devil,3.355,OneHanded,im,1,Head,None
shrimp,3.357,OneHanded,i,1,Neutral,Straight
deer,3.36,SymmetricalOrAlternating,imrp,1,Head,BackAndForth
mouse,3.36,OneHanded,i,1,Head,None
cigarette,3.367,AsymmetricalDifferentHandshape,ip,1,Hand,BackAndForth
duck,3.37,OneHanded,im,4,Head,None
fire,3.4,SymmetricalOrAlternating,imrp,1,Neutral,Circular
same_2,3.4,SymmetricalOrAlternating,i,1,Neutral,BackAndForth
call_tty,3.4,AsymmetricalDifferentHandshape,i,2,Hand,Straight
snake,3.4,OneHanded,im,2,Head,BackAndForth
diaper,3.407,SymmetricalOrAlternating,im,1,Body,BackAndForth
gun,3.407,OneHanded,thumb,1,Neutral,None
cloud_2,3.407,SymmetricalOrAlternating,imrp,5,Neutral,Circular
pile,3.417,SymmetricalOrAlternating,imrp,5,Neutral,Curved
scroll_down,3.423,OneHanded,i,2,Neutral,Straight
stir,3.423,AsymmetricalDifferentHandshape,i,2,Hand,Circular
cover_up,3.429,AsymmetricalSameHandshape,imrp,1,Hand,Straight
gullible,3.433,OneHanded,i,1,Body,Curved
center,3.433,AsymmetricalSameHandshape,imrp,1,Hand,BackAndForth
jealous,3.433,OneHanded,p,3,Head,Circular
smoking,3.433,OneHanded,im,1,Neutral,BackAndForth
spoon,3.44,AsymmetricalSameHandshape,im,1,Hand,BackAndForth
sunset,3.44,AsymmetricalSameHandshape,imrp,5,Neutral,Curved
queen,3.44,OneHanded,i,4,Body,Curved
biology,3.444,SymmetricalOrAlternating,imrp,1,Neutral,Circular
vomit,3.444,SymmetricalOrAlternating,imrp,1,Neutral,Curved
kill,3.444,AsymmetricalDifferentHandshape,i,4,Hand,Straight
promote,3.462,SymmetricalOrAlternating,imrp,4,Neutral,Curved
engineer,3.48,SymmetricalOrAlternating,p,1,Neutral,None
heart,3.48,SymmetricalOrAlternating,m,3,Body,Curved
wave,3.48,SymmetricalOrAlternating,imrp,1,Neutral,BackAndForth
bracelet,3.48,AsymmetricalDifferentHandshape,i,5,Arm,BackAndForth
lighter,3.481,OneHanded,thumb,1,Neutral,None
percent,3.483,OneHanded,imrp,6,Neutral,Other
prison,3.5,SymmetricalOrAlternating,imrp,1,Neutral,BackAndForth
cough,3.5,OneHanded,imrp,7,Body,Circular
forever,3.5,OneHanded,i,1,Head,None
upload,3.5,SymmetricalOrAlternating,im,1,Neutral,Curved
prayer,3.5,SymmetricalOrAlternating,imrp,1,Neutral,BackAndForth
horse,3.516,OneHanded,im,1,Head,None
scientist,3.516,SymmetricalOrAlternating,thumb,1,Neutral,Circular
prefer,3.52,OneHanded,imrp,3,Body,Straight
about_2,3.522,AsymmetricalDifferentHandshape,i,1,Hand,Circular
protection,3.533,SymmetricalOrAlternating,imrp,1,Neutral,BackAndForth
guilty,3.538,OneHanded,i,4,Body,BackAndForth
try,3.542,SymmetricalOrAlternating,imrp,7,Neutral,Curved
wander,3.548,OneHanded,i,1,Neutral,BackAndForth
temptation,3.552,AsymmetricalDifferentHandshape,i,1,Arm,BackAndForth
umbrella,3.556,SymmetricalOrAlternating,imrp,7,Hand,BackAndForth
push,3.556,SymmetricalOrAlternating,imrp,1,Neutral,Straight
deep,3.567,AsymmetricalDifferentHandshape,i,4,Hand,Straight
skirt,3.567,SymmetricalOrAlternating,imrp,1,Body,Curved
point,3.577,AsymmetricalDifferentHandshape,i,3,Hand,BackAndForth
pie,3.581,AsymmetricalDifferentHandshape,imrp,1,Hand,Other
peach,3.581,OneHanded,imrp,3,Head,None
stomach,3.586,OneHanded,imrp,3,Body,BackAndForth
metal,3.593,OneHanded,i,2,Head,BackAndForth
coconut,3.593,SymmetricalOrAlternating,imrp,5,Head,BackAndForth
canada,3.6,OneHanded,imrp,7,Body,BackAndForth
blood,3.6,AsymmetricalDifferentHandshape,i,1,Head,None
peace,3.6,SymmetricalOrAlternating,imrp,1,Neutral,Other
earth,3.6,AsymmetricalDifferentHandshape,m,5,Hand,BackAndForth
throw,3.6,OneHanded,im,7,Neutral,Straight
mop,3.615,SymmetricalOrAlternating,imrp,7,Neutral,BackAndForth
patient_1,3.625,OneHanded,im,Stacked,Arm,Other
character,3.625,OneHanded,imrp,5,Body,Circular
farm,3.625,OneHanded,thumb,3,Head,BackAndForth
turtle,3.63,AsymmetricalDifferentHandshape,thumb,1,Hand,None
earthquake,3.64,AsymmetricalDifferentHandshape,m,3,Hand,None
perfect,3.654,SymmetricalOrAlternating,i,6,Neutral,Other
sweater,3.654,SymmetricalOrAlternating,imrp,5,Body,Curved
honor,3.667,SymmetricalOrAlternating,im,1,Head,Curved
flag,3.667,AsymmetricalDifferentHandshape,imrp,1,Neutral,BackAndForth
africa,3.667,OneHanded,imrp,1,Neutral,Curved
cow,3.677,OneHanded,p,1,Head,None
pants,3.677,SymmetricalOrAlternating,imrp,1,Body,Other
sandwich,3.677,AsymmetricalDifferentHandshape,imrp,3,Head,BackAndForth
thief_2,3.68,AsymmetricalDifferentHandshape,im,1,Arm,Straight
hotdog,3.68,SymmetricalOrAlternating,imrp,5,Neutral,Straight
new_york,3.68,AsymmetricalDifferentHandshape,p,1,Hand,BackAndForth
mechanic_1,3.68,AsymmetricalDifferentHandshape,im,1,Hand,None
war,3.68,SymmetricalOrAlternating,imrp,3,Neutral,BackAndForth
figure,3.69,SymmetricalOrAlternating,im,1,Neutral,BackAndForth
cherry,3.69,AsymmetricalDifferentHandshape,imrp,6,Hand,None
vacuum,3.692,OneHanded,i,7,Neutral,Other
computer,3.7,SymmetricalOrAlternating,m,3,Neutral,Circular
rock,3.7,AsymmetricalSameHandshape,imrp,7,Hand,BackAndForth
embarrass,3.7,SymmetricalOrAlternating,imrp,1,Head,Circular
motorcycle,3.704,AsymmetricalSameHandshape,imrp,7,Neutral,None
shoulder,3.704,OneHanded,imrp,4,Body,BackAndForth
boat,3.704,SymmetricalOrAlternating,imrp,1,Neutral,BackAndForth
floor,3.72,SymmetricalOrAlternating,imrp,1,Neutral,BackAndForth
brag,3.72,SymmetricalOrAlternating,p,1,Body,BackAndForth
butterfly,3.72,SymmetricalOrAlternating,imrp,1,Neutral,None
lonely,3.72,OneHanded,i,1,Head,BackAndForth
lipstick,3.72,OneHanded,i,2,Head,BackAndForth
waste,3.724,SymmetricalOrAlternating,imrp,1,Hand,BackAndForth
line,3.733,SymmetricalOrAlternating,p,1,Neutral,Straight
candle,3.733,AsymmetricalDifferentHandshape,imrp,1,Hand,None
brush,3.733,OneHanded,imrp,7,Head,Straight
fall_2,3.733,OneHanded,im,1,Neutral,Curved
disappear,3.741,AsymmetricalDifferentHandshape,i,1,Hand,Straight
behavior,3.741,SymmetricalOrAlternating,imrp,1,Neutral,BackAndForth
glasses,3.75,SymmetricalOrAlternating,i,3,Head,BackAndForth
rude,3.75,AsymmetricalDifferentHandshape,m,3,Hand,Straight
army,3.76,SymmetricalOrAlternating,imrp,7,Body,BackAndForth
vote,3.76,AsymmetricalDifferentHandshape,i,6,Hand,BackAndForth
swallow,3.76,OneHanded,i,1,Body,Curved
oops,3.769,OneHanded,imrp,1,Head,None
microwave,3.778,SymmetricalOrAlternating,imrp,7,Neutral,BackAndForth
playground,3.778,SymmetricalOrAlternating,p,1,Neutral,None
cause,3.778,SymmetricalOrAlternating,imrp,7,Neutral,Straight
pull,3.778,SymmetricalOrAlternating,imrp,7,Neutral,Straight
popcorn,3.778,SymmetricalOrAlternating,i,6,Neutral,BackAndForth
forfeit,3.8,OneHanded,i,6,Neutral,Curved
soccer,3.8,AsymmetricalDifferentHandshape,imrp,1,Hand,BackAndForth
strict,3.8,OneHanded,im,2,Head,None
psychologist,3.8,AsymmetricalDifferentHandshape,imrp,1,Hand,BackAndForth
punish,3.8,AsymmetricalDifferentHandshape,i,1,Arm,Straight
loud,3.808,SymmetricalOrAlternating,i,1,Head,BackAndForth
what_2,3.815,AsymmetricalDifferentHandshape,i,1,Hand,Straight
jump,3.828,AsymmetricalDifferentHandshape,im,1,Hand,BackAndForth
razor,3.833,OneHanded,i,2,Head,BackAndForth
poor,3.833,OneHanded,imrp,3,Arm,BackAndForth
wristwatch,3.84,AsymmetricalDifferentHandshape,i,6,Arm,BackAndForth
lawyer,3.84,AsymmetricalDifferentHandshape,i,1,Hand,Curved
freeway,3.84,SymmetricalOrAlternating,imrp,1,Neutral,BackAndForth
glove,3.846,SymmetricalOrAlternating,imrp,1,Neutral,BackAndForth
bottle,3.846,AsymmetricalDifferentHandshape,imrp,5,Hand,Straight
holiday,3.846,SymmetricalOrAlternating,thumb,3,Body,BackAndForth
light_weight,3.867,SymmetricalOrAlternating,m,3,Neutral,Curved
cracker,3.867,AsymmetricalDifferentHandshape,imrp,7,Arm,BackAndForth
lose_game,3.867,AsymmetricalDifferentHandshape,im,1,Hand,Straight
earring,3.867,SymmetricalOrAlternating,i,5,Head,None
banana,3.875,AsymmetricalDifferentHandshape,imrp,4,Hand,BackAndForth
shy,3.88,OneHanded,imrp,5,Head,None
whatever,3.88,SymmetricalOrAlternating,imrp,1,Neutral,BackAndForth
alphabet,3.88,OneHanded,imrp,7,Neutral,None
pill,3.88,OneHanded,i,6,Head,None
after,3.88,AsymmetricalSameHandshape,imrp,1,Hand,Curved
pig,3.885,OneHanded,imrp,1,Head,None
computer_mouse,3.9,OneHanded,i,1,Head,BackAndForth
country,3.9,AsymmetricalDifferentHandshape,p,1,Arm,Circular
eyeglasses,3.905,SymmetricalOrAlternating,i,2,Head,BackAndForth
snob,3.92,OneHanded,ip,1,Head,Curved
horrible,3.923,SymmetricalOrAlternating,m,6,Head,Curved
cancellation,3.933,AsymmetricalDifferentHandshape,i,1,Hand,Other
friendly,3.933,SymmetricalOrAlternating,imrp,1,Head,Straight
spaghetti,3.935,SymmetricalOrAlternating,p,1,Neutral,Circular
keyboard,3.95,SymmetricalOrAlternating,imrp,5,Neutral,None
zoom_in,3.958,SymmetricalOrAlternating,i,7,Neutral,Straight
tournament,3.96,SymmetricalOrAlternating,im,2,Neutral,BackAndForth
subtract,3.96,AsymmetricalDifferentHandshape,imrp,5,Hand,Straight
dance,3.96,AsymmetricalDifferentHandshape,im,1,Hand,BackAndForth
february,3.963,OneHanded,i,6,Neutral,None
theater,3.963,SymmetricalOrAlternating,thumb,1,Body,Circular
alone,3.963,OneHanded,i,1,Neutral,Circular
power,3.966,OneHanded,imrp,5,Arm,BackAndForth
drunk,3.967,OneHanded,thumb,1,Head,Curved
staff,3.967,OneHanded,imrp,7,Body,Curved
suspect,3.967,OneHanded,i,1,Head,None
weak,3.967,AsymmetricalDifferentHandshape,imrp,1,Hand,BackAndForth
deodorant,3.968,OneHanded,imrp,7,Body,BackAndForth
nurse,4.0,AsymmetricalDifferentHandshape,im,1,Hand,BackAndForth
deny,4.0,SymmetricalOrAlternating,thumb,1,Head,BackAndForth
south,4.0,OneHanded,imrp,7,Neutral,Straight
cabbage,4.0,OneHanded,imrp,2,Head,BackAndForth
traffic,4.0,SymmetricalOrAlternating,imrp,1,Neutral,BackAndForth
way,4.033,SymmetricalOrAlternating,imrp,1,Neutral,Straight
price,4.033,AsymmetricalDifferentHandshape,i,2,Hand,Straight
shocked,4.037,Other,i,1,Head,None
newspaper,4.037,AsymmetricalDifferentHandshape,i,3,Hand,BackAndForth
cheat_1,4.037,AsymmetricalDifferentHandshape,im,1,Hand,BackAndForth
lesson,4.038,AsymmetricalDifferentHandshape,imrp,4,Hand,Curved
breathe,4.038,SymmetricalOrAlternating,imrp,1,Body,BackAndForth
judge,4.04,SymmetricalOrAlternating,i,6,Neutral,BackAndForth
balance,4.067,SymmetricalOrAlternating,imrp,4,Neutral,BackAndForth
paint,4.074,AsymmetricalSameHandshape,imrp,1,Hand,BackAndForth
smile,4.074,SymmetricalOrAlternating,i,1,Head,Curved
east,4.077,OneHanded,imrp,2,Neutral,Straight
lose,4.077,AsymmetricalDifferentHandshape,im,1,Hand,Straight
hotel,4.08,AsymmetricalDifferentHandshape,im,1,Hand,None
bar,4.087,OneHanded,thumb,1,Head,BackAndForth
stupid_1,4.1,OneHanded,im,1,Head,Straight
worry,4.1,SymmetricalOrAlternating,imrp,1,Head,Circular
ugly,4.1,OneHanded,i,1,Head,Straight
shorts,4.1,SymmetricalOrAlternating,imrp,1,Body,BackAndForth
divorce,4.1,SymmetricalOrAlternating,i,1,Neutral,Straight
downsize_2,4.111,SymmetricalOrAlternating,i,1,Neutral,Straight
match,4.111,SymmetricalOrAlternating,imrp,2,Neutral,Straight
far,4.115,AsymmetricalSameHandshape,imrp,7,Hand,Curved
baseball,4.12,SymmetricalOrAlternating,imrp,7,Neutral,BackAndForth
accident,4.12,SymmetricalOrAlternating,imrp,1,Neutral,Straight
napkin,4.13,OneHanded,imrp,1,Head,Circular
doctor,4.13,AsymmetricalDifferentHandshape,imrp,4,Hand,BackAndForth
jacket,4.133,SymmetricalOrAlternating,imrp,7,Body,Curved
pity,4.133,SymmetricalOrAlternating,m,3,Neutral,Circular
music,4.133,AsymmetricalSameHandshape,imrp,1,Arm,BackAndForth
cousin,4.133,OneHanded,imrp,5,Head,None
fat,4.133,SymmetricalOrAlternating,imrp,1,Neutral,Curved
9_oclock,4.133,OneHanded,i,6,Hand,None
west,4.154,OneHanded,imr,1,Neutral,Straight
set_up,4.16,AsymmetricalDifferentHandshape,thumb,1,Hand,Circular
research,4.16,AsymmetricalDifferentHandshape,im,Crossed,Hand,Circular
neutral,4.167,OneHanded,im,4,Neutral,BackAndForth
corn_1,4.185,OneHanded,i,1,Head,BackAndForth
toast,4.185,AsymmetricalDifferentHandshape,im,5,Hand,Curved
zero,4.192,OneHanded,imrp,6,Neutral,Straight
wood,4.2,AsymmetricalSameHandshape,imrp,1,Hand,BackAndForth
bridge,4.2,AsymmetricalDifferentHandshape,im,1,Arm,Curved
behind,4.2,AsymmetricalSameHandshape,thumb,1,Hand,Circular
secret,4.2,OneHanded,thumb,1,Head,BackAndForth
awkward,4.2,SymmetricalOrAlternating,im,1,Neutral,BackAndForth
gallaudet,4.2,OneHanded,i,3,Head,BackAndForth
earn,4.207,AsymmetricalDifferentHandshape,imrp,5,Hand,Curved
chance,4.208,SymmetricalOrAlternating,imrp,5,Neutral,Curved
gossip,4.222,SymmetricalOrAlternating,i,3,Head,Circular
sympathy,4.222,SymmetricalOrAlternating,m,3,Neutral,Circular
mountain,4.226,SymmetricalOrAlternating,imrp,7,Neutral,Straight
forbid,4.231,AsymmetricalDifferentHandshape,i,1,Hand,BackAndForth
elegance,4.231,OneHanded,imrp,1,Body,Circular
decide_1,4.24,Other,i,1,Head,None
secretary,4.24,AsymmetricalDifferentHandshape,im,Stacked,Head,Other
graduate,4.24,AsymmetricalDifferentHandshape,i,3,Hand,Circular
because,4.24,OneHanded,imrp,1,Head,Curved
front,4.241,OneHanded,imrp,1,Head,BackAndForth
policeman,4.258,OneHanded,i,5,Body,BackAndForth
nut,4.259,OneHanded,thumb,1,Head,BackAndForth
8_hour,4.267,AsymmetricalDifferentHandshape,m,6,Hand,Circular
excuse,4.269,AsymmetricalDifferentHandshape,imrp,3,Hand,BackAndForth
sushi,4.269,AsymmetricalDifferentHandshape,im,1,Hand,BackAndForth
clear,4.269,SymmetricalOrAlternating,imrp,6,Neutral,Straight
past,4.276,OneHanded,imrp,1,Body,Curved
knife,4.28,AsymmetricalSameHandshape,i,1,Hand,BackAndForth
garage,4.28,AsymmetricalDifferentHandshape,im,1,Neutral,BackAndForth
act,4.28,SymmetricalOrAlternating,thumb,1,Body,Circular
translate,4.296,SymmetricalOrAlternating,i,1,Neutral,None
pencil,4.296,OneHanded,i,6,Head,Other
oral,4.3,OneHanded,im,2,Head,Circular
leave,4.32,SymmetricalOrAlternating,imrp,1,Neutral,Straight
stars,4.323,SymmetricalOrAlternating,i,1,Neutral,BackAndForth
moon,4.323,OneHanded,i,5,Head,Curved
dormitory,4.323,OneHanded,mrp,6,Head,Curved
sports,4.333,SymmetricalOrAlternating,thumb,1,Neutral,None
grapes,4.333,AsymmetricalDifferentHandshape,imrp,2,Hand,BackAndForth
bake_1,4.333,AsymmetricalSameHandshape,imrp,1,Neutral,BackAndForth
zoom_off,4.333,AsymmetricalDifferentHandshape,i,3,Hand,Straight
voice,4.333,OneHanded,im,3,Body,Circular
religion,4.333,OneHanded,im,Crossed,Body,Curved
breakdown,4.333,SymmetricalOrAlternating,imrp,5,Neutral,Other
drop,4.333,SymmetricalOrAlternating,imrp,7,Neutral,Straight
die,4.346,SymmetricalOrAlternating,imrp,1,Neutral,Curved
camping,4.355,SymmetricalOrAlternating,ip,1,Neutral,BackAndForth
grandfather,4.36,OneHanded,imrp,1,Head,Other
bug,4.36,OneHanded,im,1,Head,None
invite,4.367,OneHanded,imrp,1,Neutral,Curved
birth,4.367,AsymmetricalSameHandshape,imrp,1,Hand,Curved
blanket,4.375,SymmetricalOrAlternating,imrp,1,Body,BackAndForth
scared,4.4,SymmetricalOrAlternating,imrp,1,Neutral,BackAndForth
high,4.4,OneHanded,im,1,Neutral,Curved
mean_1,4.4,SymmetricalOrAlternating,imrp,5,Neutral,Straight
alarm,4.4,AsymmetricalDifferentHandshape,i,1,Hand,BackAndForth
warm,4.4,OneHanded,imrp,7,Head,None
insult,4.4,OneHanded,i,1,Neutral,Curved
hat,4.407,OneHanded,imrp,1,Head,BackAndForth
uncle,4.407,OneHanded,im,1,Head,Circular
fight,4.417,SymmetricalOrAlternating,imrp,7,Neutral,Straight
candy_1,4.419,OneHanded,i,1,Head,None
few,4.429,OneHanded,imrp,3,Neutral,None
hamburger,4.429,SymmetricalOrAlternating,i,5,Neutral,Curved
scan,4.433,AsymmetricalDifferentHandshape,i,2,Neutral,BackAndForth
weather,4.433,SymmetricalOrAlternating,p,6,Neutral,BackAndForth
film,4.44,AsymmetricalDifferentHandshape,imrp,1,Hand,None
live_1,4.44,SymmetricalOrAlternating,i,1,Body,Curved
cry,4.44,SymmetricalOrAlternating,i,1,Head,BackAndForth
actor,4.44,SymmetricalOrAlternating,thumb,5,Body,Circular
bedroom,4.444,SymmetricalOrAlternating,imrp,1,Head,None
lemon,4.452,OneHanded,i,1,Head,None
president,4.462,SymmetricalOrAlternating,imrp,5,Head,Straight
order_2,4.467,OneHanded,i,1,Head,Other
accomplish,4.467,SymmetricalOrAlternating,i,1,Head,Straight
pink,4.467,OneHanded,im,Stacked,Head,BackAndForth
wear,4.478,SymmetricalOrAlternating,imrp,1,Body,Curved
government,4.48,OneHanded,i,1,Head,Other
hospital,4.48,OneHanded,im,1,Arm,Other
challenge,4.48,SymmetricalOrAlternating,thumb,1,Neutral,Straight
shampoo,4.481,SymmetricalOrAlternating,imrp,5,Head,BackAndForth
yellow,4.481,OneHanded,p,1,Neutral,None
waiter,4.484,SymmetricalOrAlternating,imrp,1,Neutral,BackAndForth
lettuce,4.484,OneHanded,imrp,2,Head,BackAndForth
death,4.484,SymmetricalOrAlternating,imrp,1,Neutral,Curved
complex,4.5,SymmetricalOrAlternating,i,1,Neutral,Straight
cute_2,4.5,OneHanded,im,1,Head,None
pain,4.5,SymmetricalOrAlternating,i,4,Neutral,None
america,4.5,SymmetricalOrAlternating,imrp,1,Neutral,Circular
call_attention,4.5,AsymmetricalDifferentHandshape,imrp,1,Hand,Curved
demand,4.5,Other,i,2,Hand,Straight
city,4.5,SymmetricalOrAlternating,imrp,1,Neutral,Straight
grandmother,4.5,OneHanded,imrp,1,Head,Other
asia,4.516,OneHanded,imrp,7,Neutral,Circular
teeth,4.519,OneHanded,i,2,Head,BackAndForth
forgetful,4.519,OneHanded,imrp,1,Head,BackAndForth
introduce,4.519,SymmetricalOrAlternating,imrp,3,Neutral,Curved
cafeteria,4.519,OneHanded,imrp,5,Head,BackAndForth
god,4.519,OneHanded,imrp,1,Neutral,Curved
magazine,4.519,AsymmetricalDifferentHandshape,i,2,Hand,BackAndForth
type,4.52,SymmetricalOrAlternating,im,Stacked,Neutral,Circular
wet,4.52,SymmetricalOrAlternating,imrp,3,Neutral,Straight
brave,4.522,SymmetricalOrAlternating,imrp,5,Body,Straight
soda,4.533,AsymmetricalDifferentHandshape,m,3,Hand,BackAndForth
misunderstand,4.533,OneHanded,im,1,Head,None
action,4.533,SymmetricalOrAlternating,imrp,5,Neutral,Circular
summarize,4.538,SymmetricalOrAlternating,imrp,5,Neutral,Straight
impossible,4.542,AsymmetricalDifferentHandshape,p,1,Hand,BackAndForth
soup,4.548,AsymmetricalDifferentHandshape,im,5,Hand,Circular
scissors,4.548,OneHanded,im,1,Neutral,None
girl,4.552,OneHanded,thumb,1,Head,Curved
tea,4.556,AsymmetricalDifferentHandshape,i,6,Hand,Circular
videocamera,4.56,AsymmetricalDifferentHandshape,imrp,3,Hand,None
fish,4.56,AsymmetricalSameHandshape,imrp,1,Hand,None
credit_card,4.56,AsymmetricalDifferentHandshape,imrp,7,Hand,BackAndForth
letter,4.567,AsymmetricalSameHandshape,thumb,1,Head,Straight
department,4.567,SymmetricalOrAlternating,mrp,6,Neutral,Curved
thermometer,4.577,AsymmetricalSameHandshape,i,1,Hand,BackAndForth
surprise,4.583,SymmetricalOrAlternating,i,6,Head,None
mind,4.583,OneHanded,i,5,Head,BackAndForth
certificate,4.583,SymmetricalOrAlternating,imrp,5,Neutral,BackAndForth
dream,4.583,OneHanded,i,1,Head,Straight
long_line,4.593,SymmetricalOrAlternating,imrp,1,Neutral,Straight
order_1,4.6,SymmetricalOrAlternating,imrp,1,Neutral,BackAndForth
announce,4.6,SymmetricalOrAlternating,i,1,Head,Straight
owe,4.6,AsymmetricalDifferentHandshape,i,1,Hand,BackAndForth
train,4.6,AsymmetricalSameHandshape,im,3,Hand,BackAndForth
adult,4.6,SymmetricalOrAlternating,imrp,3,Head,Circular
imagine,4.6,SymmetricalOrAlternating,p,1,Head,Circular
teach,4.609,SymmetricalOrAlternating,imrp,5,Head,BackAndForth
continue,4.615,SymmetricalOrAlternating,thumb,1,Neutral,BackAndForth
wedding,4.615,SymmetricalOrAlternating,imrp,3,Neutral,Curved
blue,4.63,OneHanded,imrp,1,Neutral,None
copy,4.63,AsymmetricalDifferentHandshape,imrp,3,Hand,Straight
stupid_2,4.633,OneHanded,i,4,Head,None
ball,4.633,SymmetricalOrAlternating,imrp,5,Neutral,BackAndForth
eraser,4.633,AsymmetricalDifferentHandshape,imrp,7,Hand,BackAndForth
sun,4.633,OneHanded,imrp,4,Head,Circular
travel,4.64,OneHanded,im,2,Neutral,BackAndForth
stubborn,4.64,OneHanded,imrp,1,Head,None
slow,4.64,AsymmetricalSameHandshape,imrp,1,Hand,Straight
own,4.64,SymmetricalOrAlternating,imrp,1,Body,Curved
english,4.645,AsymmetricalSameHandshape,imrp,5,Hand,BackAndForth
frenchfries,4.645,OneHanded,i,6,Neutral,Curved
candy_2,4.654,OneHanded,im,1,Head,None
weigh,4.654,AsymmetricalDifferentHandshape,im,1,Hand,BackAndForth
frustrate,4.667,OneHanded,imrp,1,Head,BackAndForth
sandals,4.667,AsymmetricalDifferentHandshape,i,2,Hand,BackAndForth
look_appearance,4.68,OneHanded,i,1,Head,Circular
fall_1,4.68,AsymmetricalDifferentHandshape,imrp,1,Arm,BackAndForth
offend,4.692,OneHanded,i,1,Neutral,Curved
gay,4.692,OneHanded,i,4,Head,BackAndForth
equal,4.7,SymmetricalOrAlternating,imrp,4,Neutral,BackAndForth
student,4.704,AsymmetricalDifferentHandshape,imrp,3,Hand,Straight
salad,4.704,SymmetricalOrAlternating,imrp,5,Neutral,Circular
lucky,4.704,OneHanded,m,5,Head,Straight
hearing_aid,4.708,OneHanded,i,2,Head,BackAndForth
machine,4.72,SymmetricalOrAlternating,imrp,2,Neutral,BackAndForth
health,4.72,SymmetricalOrAlternating,imrp,5,Body,Straight
class,4.72,SymmetricalOrAlternating,imrp,5,Neutral,None
key,4.72,AsymmetricalDifferentHandshape,i,2,Hand,None
dress,4.72,SymmetricalOrAlternating,imrp,1,Body,Curved
lamp,4.731,SymmetricalOrAlternating,imrp,3,Neutral,None
ignore,4.731,OneHanded,imrp,1,Head,Curved
back,4.731,OneHanded,imrp,7,Body,Straight
lecture,4.733,OneHanded,imrp,1,Neutral,BackAndForth
day,4.733,AsymmetricalDifferentHandshape,i,1,Neutral,Curved
bank,4.741,OneHanded,imrp,1,Neutral,None
enough,4.741,AsymmetricalDifferentHandshape,imrp,1,Hand,Straight
test,4.741,SymmetricalOrAlternating,imrp,1,Neutral,BackAndForth
draw,4.741,AsymmetricalDifferentHandshape,p,1,Hand,BackAndForth
cereal,4.741,OneHanded,i,1,Head,Straight
hope,4.741,Other,i,1,Head,None
icecream,4.741,OneHanded,imrp,7,Head,Circular
evaluate,4.76,SymmetricalOrAlternating,imrp,2,Neutral,BackAndForth
beer,4.76,OneHanded,imrp,1,Head,BackAndForth
trouble,4.76,SymmetricalOrAlternating,imrp,1,Head,Circular
art,4.767,AsymmetricalDifferentHandshape,p,1,Hand,BackAndForth
lock,4.778,AsymmetricalSameHandshape,imrp,7,Hand,Circular
history,4.778,OneHanded,im,1,Neutral,BackAndForth
amazing,4.778,OneHanded,imrp,5,Head,BackAndForth
minute,4.792,AsymmetricalDifferentHandshape,i,1,Hand,None
possible,4.792,SymmetricalOrAlternating,imrp,7,Neutral,BackAndForth
never,4.8,OneHanded,imrp,1,Neutral,BackAndForth
camera,4.8,AsymmetricalDifferentHandshape,i,1,Neutral,None
experience,4.8,OneHanded,imrp,1,Head,BackAndForth
potato,4.8,AsymmetricalDifferentHandshape,im,2,Hand,BackAndForth
fault,4.8,OneHanded,imrp,4,Body,Curved
north,4.8,OneHanded,im,4,Neutral,Straight
congratulations,4.8,SymmetricalOrAlternating,imrp,5,Neutral,BackAndForth
airplane,4.808,OneHanded,ip,1,Neutral,BackAndForth
impact,4.815,AsymmetricalDifferentHandshape,imrp,7,Hand,BackAndForth
mail,4.815,AsymmetricalDifferentHandshape,thumb,1,Head,Straight
guess_2,4.815,OneHanded,imrp,5,Head,Curved
honest,4.833,AsymmetricalDifferentHandshape,im,1,Hand,Straight
come,4.833,OneHanded,imrp,1,Neutral,Curved
box,4.833,SymmetricalOrAlternating,imrp,1,Neutral,Other
promise,4.839,AsymmetricalDifferentHandshape,i,1,Head,None
things,4.84,OneHanded,imrp,1,Neutral,BackAndForth
grow,4.84,AsymmetricalDifferentHandshape,imrp,6,Hand,Straight
person,4.84,SymmetricalOrAlternating,im,Stacked,Neutral,Straight
tall_1,4.84,AsymmetricalDifferentHandshape,i,1,Hand,Straight
body,4.84,SymmetricalOrAlternating,imrp,1,Body,Straight
remote_control,4.84,OneHanded,thumb,1,Neutral,None
counselor,4.84,AsymmetricalDifferentHandshape,imrp,6,Hand,BackAndForth
science,4.852,SymmetricalOrAlternating,thumb,1,Neutral,Circular
list,4.852,AsymmetricalDifferentHandshape,imrp,3,Hand,Other
right_2,4.862,OneHanded,im,Crossed,Neutral,Straight
wish,4.867,OneHanded,imrp,5,Body,Straight
trash,4.871,AsymmetricalDifferentHandshape,i,1,Arm,Curved
last,4.875,AsymmetricalSameHandshape,p,1,Hand,Straight
son,4.88,OneHanded,imrp,1,Head,None
mirror,4.88,OneHanded,imrp,1,Head,None
grass,4.88,OneHanded,imrp,2,Head,BackAndForth
relax,4.885,SymmetricalOrAlternating,imrp,1,Body,BackAndForth
off_the_point,4.889,AsymmetricalDifferentHandshape,i,1,Hand,Straight
patient_3,4.889,OneHanded,thumb,1,Head,Straight
from,4.889,AsymmetricalDifferentHandshape,i,2,Hand,Curved
address,4.889,SymmetricalOrAlternating,thumb,1,Body,Curved
guess_1,4.897,OneHanded,imrp,5,Head,Curved
medicine,4.9,AsymmetricalDifferentHandshape,m,3,Hand,BackAndForth
future,4.9,OneHanded,imrp,1,Neutral,Curved
exercise,4.9,SymmetricalOrAlternating,imrp,7,Body,BackAndForth
appear,4.9,AsymmetricalDifferentHandshape,i,1,Hand,Straight
lie,4.917,OneHanded,imrp,1,Head,Straight
print,4.92,AsymmetricalDifferentHandshape,i,1,Hand,BackAndForth
purple,4.92,OneHanded,im,Stacked,Neutral,None
vacation,4.92,SymmetricalOrAlternating,thumb,3,Body,BackAndForth
interest,4.92,SymmetricalOrAlternating,m,3,Body,Straight
flower,4.92,OneHanded,imrp,4,Head,Curved
bath,4.92,SymmetricalOrAlternating,thumb,1,Body,BackAndForth
puzzled,4.92,OneHanded,i,1,Head,None
salt,4.92,AsymmetricalSameHandshape,im,3,Hand,None
brown,4.923,OneHanded,imrp,1,Head,Straight
insurance,4.926,OneHanded,p,1,Neutral,BackAndForth
tomato,4.926,AsymmetricalDifferentHandshape,i,1,Head,None
vegetable,4.931,OneHanded,im,1,Head,None
bowl,4.933,SymmetricalOrAlternating,imrp,5,Neutral,Curved
summer,4.958,OneHanded,i,1,Head,BackAndForth
relationship,4.96,AsymmetricalSameHandshape,i,6,Hand,BackAndForth
scarcely,4.96,SymmetricalOrAlternating,m,3,Head,Circular
win,4.96,AsymmetricalSameHandshape,imrp,5,Hand,Curved
cookie,4.96,Other,imrp,5,Hand,None
emotion,4.96,SymmetricalOrAlternating,imrp,2,Body,Circular
angry,4.96,SymmetricalOrAlternating,imrp,2,Body,Curved
borrow,4.96,SymmetricalOrAlternating,im,Stacked,Neutral,Curved
young,4.962,SymmetricalOrAlternating,imrp,3,Body,Circular
orange,4.962,OneHanded,imrp,5,Head,None
decide_2,4.962,SymmetricalOrAlternating,i,1,Neutral,None
dumb,4.963,OneHanded,imrp,7,Head,Straight
library,4.963,OneHanded,i,1,Neutral,Circular
confident,4.963,SymmetricalOrAlternating,imrp,1,Neutral,Straight
requirement,4.966,Other,i,2,Hand,Straight
eyes,4.967,OneHanded,i,1,Head,Curved
call,4.967,OneHanded,p,1,Head,Curved
small,5.0,SymmetricalOrAlternating,imrp,5,Neutral,BackAndForth
strange,5.0,OneHanded,imrp,5,Head,Curved
baby,5.0,SymmetricalOrAlternating,imrp,1,Neutral,BackAndForth
well,5.0,SymmetricalOrAlternating,imrp,1,Neutral,Curved
move,5.0,SymmetricalOrAlternating,imrp,6,Neutral,Curved
tall_2,5.0,OneHanded,imrp,4,Head,Curved
expensive,5.0,AsymmetricalDifferentHandshape,imrp,4,Hand,Other
bacon,5.0,SymmetricalOrAlternating,im,3,Neutral,Straight
check,5.0,AsymmetricalDifferentHandshape,i,1,Hand,Other
mean_2,5.0,Other,im,1,Hand,None
husband,5.0,AsymmetricalSameHandshape,imrp,5,Head,None
with,5.033,SymmetricalOrAlternating,imrp,7,Neutral,Straight
appointment,5.033,AsymmetricalSameHandshape,imrp,5,Hand,Circular
problem_1,5.033,SymmetricalOrAlternating,im,2,Neutral,None
high_school,5.033,OneHanded,im,1,Neutral,None
agreement,5.033,Other,i,1,Head,None
fast,5.034,SymmetricalOrAlternating,i,1,Neutral,Straight
old,5.038,OneHanded,imrp,6,Head,Straight
select,5.038,OneHanded,i,5,Neutral,Straight
basketball,5.04,SymmetricalOrAlternating,imrp,5,Neutral,None
thursday,5.042,OneHanded,thumb,Crossed,Neutral,None
butter,5.065,AsymmetricalDifferentHandshape,im,3,Hand,BackAndForth
shop_1,5.067,AsymmetricalDifferentHandshape,imrp,4,Hand,BackAndForth
late,5.067,OneHanded,imrp,1,Neutral,None
red,5.069,OneHanded,i,1,Head,None
for,5.08,OneHanded,i,1,Head,Curved
look_at,5.08,OneHanded,im,4,Head,Straight
star,5.083,SymmetricalOrAlternating,i,1,Neutral,BackAndForth
cat,5.097,OneHanded,i,6,Head,BackAndForth
soap,5.097,AsymmetricalDifferentHandshape,imrp,1,Hand,BackAndForth
idea,5.111,OneHanded,p,1,Head,Straight
since,5.115,SymmetricalOrAlternating,i,3,Body,Curved
socks,5.12,SymmetricalOrAlternating,i,1,Neutral,BackAndForth
5_dollars,5.12,OneHanded,imrp,1,Neutral,None
bake_2,5.12,AsymmetricalSameHandshape,imrp,1,Neutral,Straight
serious,5.125,OneHanded,i,1,Head,None
stress,5.125,Other,imrp,1,Hand,BackAndForth
tree,5.143,OneHanded,imrp,1,Neutral,None
break,5.148,SymmetricalOrAlternating,imrp,7,Neutral,Curved
battery,5.148,SymmetricalOrAlternating,i,2,Neutral,BackAndForth
myself,5.154,OneHanded,thumb,3,Body,BackAndForth
wife,5.154,AsymmetricalSameHandshape,imrp,5,Head,Straight
bird,5.161,OneHanded,i,3,Head,None
business,5.185,AsymmetricalSameHandshape,imrp,1,Hand,BackAndForth
bicycle,5.185,SymmetricalOrAlternating,imrp,7,Neutral,Circular
birthday,5.185,OneHanded,m,3,Head,Curved
disagreement,5.2,Other,i,1,Head,None
cute_1,5.2,OneHanded,im,1,Head,None
run,5.2,Other,i,2,Hand,Straight
caption,5.2,SymmetricalOrAlternating,i,6,Neutral,BackAndForth
happen,5.208,SymmetricalOrAlternating,i,1,Neutral,Circular
and,5.208,OneHanded,imrp,3,Neutral,Straight
smart,5.222,OneHanded,m,3,Head,Straight
finally,5.222,SymmetricalOrAlternating,i,1,Head,Circular
sign_language,5.222,SymmetricalOrAlternating,i,1,Neutral,Circular
boss,5.24,OneHanded,imrp,5,Body,BackAndForth
sad,5.24,SymmetricalOrAlternating,imrp,1,Head,Straight
ask,5.24,OneHanded,i,1,Neutral,Curved
bread,5.259,AsymmetricalDifferentHandshape,imrp,2,Hand,BackAndForth
laugh,5.267,SymmetricalOrAlternating,i,1,Head,None
toothbrush,5.269,OneHanded,i,4,Head,BackAndForth
find,5.28,OneHanded,i,6,Neutral,Straight
onion,5.28,OneHanded,i,2,Head,None
two,5.286,OneHanded,im,1,Neutral,None
street,5.29,SymmetricalOrAlternating,imrp,1,Neutral,Straight
email,5.292,AsymmetricalDifferentHandshape,i,1,Neutral,BackAndForth
let_know,5.296,OneHanded,imrp,6,Head,Straight
calendar,5.296,AsymmetricalSameHandshape,imrp,1,Hand,Other
fruit,5.3,OneHanded,i,6,Head,None
thirsty,5.3,OneHanded,i,3,Body,Curved
all,5.3,AsymmetricalSameHandshape,imrp,1,Hand,Circular
quiet,5.3,SymmetricalOrAlternating,imrp,1,Head,Curved
create,5.308,SymmetricalOrAlternating,imrp,7,Neutral,None
math,5.32,SymmetricalOrAlternating,imrp,3,Neutral,BackAndForth
starbucks,5.32,SymmetricalOrAlternating,mr,6,Neutral,BackAndForth
world,5.32,AsymmetricalSameHandshape,imr,1,Neutral,Circular
sick,5.32,SymmetricalOrAlternating,m,3,Head,None
much,5.32,SymmetricalOrAlternating,imrp,5,Neutral,Curved
careful,5.32,SymmetricalOrAlternating,im,Stacked,Neutral,BackAndForth
fingerspell,5.32,OneHanded,imrp,3,Neutral,Straight
office,5.333,SymmetricalOrAlternating,imrp,6,Neutral,Other
later,5.333,OneHanded,imrp,1,Neutral,Straight
wine,5.333,OneHanded,p,6,Head,Circular
four,5.333,OneHanded,imrp,1,Neutral,None
talk,5.333,OneHanded,imrp,1,Head,BackAndForth
arrive,5.333,AsymmetricalSameHandshape,imrp,1,Hand,Circular
show,5.333,AsymmetricalDifferentHandshape,i,1,Hand,Straight
university,5.333,AsymmetricalDifferentHandshape,im,1,Hand,Curved
hour,5.333,AsymmetricalDifferentHandshape,i,1,Hand,Circular
use,5.346,AsymmetricalSameHandshape,im,1,Hand,Circular
warn,5.36,AsymmetricalSameHandshape,imrp,1,Hand,BackAndForth
wonder,5.36,OneHanded,i,1,Head,Circular
building,5.36,SymmetricalOrAlternating,im,1,Neutral,BackAndForth
believe,5.37,OneHanded,i,1,Head,None
football,5.37,SymmetricalOrAlternating,imrp,1,Neutral,BackAndForth
movie,5.37,AsymmetricalSameHandshape,imrp,1,Hand,None
rest,5.375,SymmetricalOrAlternating,imrp,1,Body,None
sister,5.385,AsymmetricalDifferentHandshape,i,1,Head,Straight
house,5.385,SymmetricalOrAlternating,imrp,4,Neutral,Curved
language,5.387,SymmetricalOrAlternating,i,1,Neutral,BackAndForth
need,5.4,OneHanded,i,2,Neutral,BackAndForth
animal,5.4,SymmetricalOrAlternating,imrp,4,Body,BackAndForth
sure,5.4,OneHanded,i,1,Head,Straight
stairs,5.4,OneHanded,im,2,Neutral,Straight
fingerspelling,5.4,OneHanded,imrp,3,Neutral,BackAndForth
silly,5.4,OneHanded,p,1,Head,BackAndForth
age,5.4,OneHanded,imrp,5,Head,Straight
movies,5.4,AsymmetricalSameHandshape,imrp,1,Hand,None
green,5.4,OneHanded,i,3,Neutral,None
lazy,5.407,OneHanded,i,1,Body,BackAndForth
pride,5.419,OneHanded,thumb,3,Body,Straight
many,5.423,SymmetricalOrAlternating,imrp,7,Neutral,BackAndForth
meet,5.423,SymmetricalOrAlternating,i,1,Neutral,Straight
not_care,5.423,OneHanded,imrp,4,Head,Curved
reason,5.433,OneHanded,im,Crossed,Head,Circular
text,5.435,SymmetricalOrAlternating,thumb,1,Neutral,BackAndForth
homework,5.44,OneHanded,imrp,6,Head,Curved
doubt,5.44,OneHanded,im,1,Head,None
year,5.44,SymmetricalOrAlternating,imrp,7,Neutral,Circular
live_2,5.44,SymmetricalOrAlternating,thumb,1,Body,Straight
egg,5.44,SymmetricalOrAlternating,im,1,Neutral,BackAndForth
hair,5.444,OneHanded,i,4,Head,BackAndForth
bag,5.452,OneHanded,imrp,7,Neutral,BackAndForth
contact,5.462,SymmetricalOrAlternating,m,3,Neutral,BackAndForth
true,5.462,OneHanded,i,1,Head,Straight
children,5.467,SymmetricalOrAlternating,imrp,1,Neutral,BackAndForth
about_1,5.48,AsymmetricalSameHandshape,i,1,Hand,Circular
delicious,5.48,OneHanded,m,3,Head,Straight
headache,5.48,SymmetricalOrAlternating,i,4,Head,BackAndForth
favorite,5.48,OneHanded,m,3,Head,BackAndForth
brother,5.48,Other,thumb,1,Head,None
window,5.48,AsymmetricalSameHandshape,imrp,1,Hand,BackAndForth
telephone,5.481,OneHanded,p,1,Head,BackAndForth
that,5.5,OneHanded,p,1,Neutral,Straight
bad,5.5,OneHanded,imrp,1,Head,Straight
chat,5.5,SymmetricalOrAlternating,imrp,1,Neutral,BackAndForth
other,5.5,OneHanded,thumb,1,Neutral,Curved
not_yet,5.519,OneHanded,imrp,1,Neutral,None
look_for,5.52,OneHanded,imrp,5,Head,Circular
color,5.533,OneHanded,imrp,1,Head,None
pretty,5.533,OneHanded,imrp,1,Head,None
dirty,5.533,OneHanded,imrp,1,Head,None
problem_2,5.542,SymmetricalOrAlternating,im,2,Neutral,BackAndForth
tease,5.556,AsymmetricalSameHandshape,i,2,Hand,BackAndForth
how,5.556,SymmetricalOrAlternating,imrp,5,Neutral,Circular
patient_2,5.56,OneHanded,thumb,1,Head,Straight
chocolate,5.56,AsymmetricalDifferentHandshape,imrp,5,Hand,Circular
wednesday,5.56,OneHanded,imr,1,Neutral,Circular
wash_machine,5.567,SymmetricalOrAlternating,imrp,5,Neutral,None
make,5.567,SymmetricalOrAlternating,imrp,7,Neutral,None
buy,5.577,AsymmetricalDifferentHandshape,imrp,4,Hand,Curved
write,5.593,AsymmetricalDifferentHandshape,i,2,Hand,BackAndForth
shower,5.593,OneHanded,imrp,6,Head,None
new,5.6,AsymmetricalSameHandshape,imrp,5,Hand,Curved
when,5.6,AsymmetricalSameHandshape,i,1,Hand,Circular
sit,5.615,AsymmetricalDifferentHandshape,im,5,Hand,Straight
meeting,5.621,SymmetricalOrAlternating,imrp,1,Neutral,BackAndForth
some,5.625,AsymmetricalSameHandshape,imrp,1,Hand,Straight
easy,5.63,AsymmetricalSameHandshape,imrp,1,Hand,BackAndForth
cheese,5.63,AsymmetricalSameHandshape,imrp,1,Hand,None
sorry,5.633,OneHanded,thumb,1,Body,Circular
but,5.654,SymmetricalOrAlternating,i,1,Neutral,Straight
feel,5.655,OneHanded,m,3,Body,Circular
wrong_2,5.667,OneHanded,p,1,Head,None
monday,5.69,OneHanded,imr,4,Neutral,Circular
enjoy,5.692,SymmetricalOrAlternating,imrp,1,Body,Circular
numbers,5.7,SymmetricalOrAlternating,imrp,4,Neutral,None
happy,5.7,SymmetricalOrAlternating,imrp,1,Body,Circular
remember,5.7,AsymmetricalSameHandshape,thumb,1,Head,Straight
yeah,5.704,OneHanded,p,1,Neutral,BackAndForth
here,5.704,SymmetricalOrAlternating,imrp,1,Neutral,Circular
stop,5.704,AsymmetricalSameHandshape,imrp,1,Hand,BackAndForth
chair,5.714,AsymmetricalSameHandshape,im,1,Hand,BackAndForth
apple,5.72,OneHanded,i,2,Head,None
responsibility,5.72,SymmetricalOrAlternating,imrp,3,Body,BackAndForth
kid,5.733,OneHanded,ip,1,Head,None
cup,5.742,AsymmetricalDifferentHandshape,imrp,5,Hand,BackAndForth
room,5.742,SymmetricalOrAlternating,imrp,1,Neutral,Other
man,5.75,OneHanded,thumb,1,Head,Straight
start,5.76,AsymmetricalDifferentHandshape,i,1,Hand,BackAndForth
get,5.76,SymmetricalOrAlternating,imrp,5,Neutral,Straight
rain,5.76,SymmetricalOrAlternating,imrp,2,Neutral,BackAndForth
communication,5.76,SymmetricalOrAlternating,imrp,5,Head,BackAndForth
hungry,5.767,OneHanded,imrp,5,Body,Straight
first,5.767,OneHanded,i,1,Neutral,None
know,5.767,OneHanded,imrp,1,Head,BackAndForth
college,5.783,AsymmetricalSameHandshape,imrp,1,Hand,Circular
laptop,5.793,AsymmetricalSameHandshape,imrp,1,Hand,BackAndForth
hard,5.793,SymmetricalOrAlternating,im,2,Neutral,Straight
bored,5.8,OneHanded,i,1,Head,Straight
really,5.8,OneHanded,i,1,Head,Straight
videophone,5.8,SymmetricalOrAlternating,imrp,3,Neutral,None
which,5.8,SymmetricalOrAlternating,thumb,1,Neutral,BackAndForth
finish,5.8,SymmetricalOrAlternating,imrp,1,Neutral,None
now,5.8,SymmetricalOrAlternating,p,1,Neutral,Straight
attention,5.8,SymmetricalOrAlternating,imrp,1,Head,BackAndForth
game,5.833,SymmetricalOrAlternating,thumb,1,Neutral,BackAndForth
dont_mind,5.84,OneHanded,i,1,Head,Curved
same_1,5.84,OneHanded,p,1,Neutral,BackAndForth
important,5.84,SymmetricalOrAlternating,i,6,Neutral,Circular
kiss,5.846,OneHanded,imrp,4,Head,BackAndForth
full,5.852,AsymmetricalDifferentHandshape,imrp,1,Hand,Straight
hearing,5.857,OneHanded,i,1,Head,Circular
what_for,5.867,OneHanded,i,1,Head,None
think,5.867,OneHanded,i,3,Head,None
wait,5.88,SymmetricalOrAlternating,imrp,1,Neutral,None
yesterday,5.889,OneHanded,thumb,1,Head,Curved
saturday,5.889,OneHanded,imrp,7,Neutral,Circular
restaurant,5.889,OneHanded,im,Crossed,Head,Other
cold,5.9,SymmetricalOrAlternating,imrp,7,Body,BackAndForth
want,5.9,SymmetricalOrAlternating,imrp,1,Neutral,Straight
schedule,5.92,AsymmetricalSameHandshape,imrp,1,Hand,Other
black,5.92,OneHanded,i,1,Head,Straight
name,5.926,AsymmetricalSameHandshape,im,1,Hand,BackAndForth
tell,5.933,OneHanded,i,1,Head,Curved
woman,5.933,OneHanded,imrp,1,Head,Straight
there,5.963,OneHanded,i,1,Neutral,Straight
toilet,5.963,OneHanded,thumb,Crossed,Neutral,BackAndForth
play,5.967,SymmetricalOrAlternating,p,1,Neutral,None
explanation,5.967,SymmetricalOrAlternating,i,6,Neutral,BackAndForth
family,5.967,SymmetricalOrAlternating,i,6,Neutral,Curved
table,6.0,SymmetricalOrAlternating,imrp,1,Arm,BackAndForth
can,6.0,SymmetricalOrAlternating,imrp,7,Neutral,Straight
people,6.0,SymmetricalOrAlternating,im,Stacked,Neutral,Circular
right_1,6.0,SymmetricalOrAlternating,i,1,Hand,Straight
night,6.032,AsymmetricalSameHandshape,imrp,3,Hand,BackAndForth
go,6.033,SymmetricalOrAlternating,i,1,Neutral,Curved
money,6.033,AsymmetricalDifferentHandshape,imrp,4,Hand,BackAndForth
kitchen,6.038,AsymmetricalDifferentHandshape,im,Stacked,Hand,Curved
maybe,6.04,SymmetricalOrAlternating,imrp,1,Neutral,BackAndForth
week,6.04,AsymmetricalDifferentHandshape,i,1,Hand,Straight
TV,6.067,OneHanded,thumb,Crossed,Neutral,None
teacher,6.074,SymmetricalOrAlternating,imrp,5,Neutral,Straight
shoes,6.074,SymmetricalOrAlternating,imrp,7,Neutral,BackAndForth
cook,6.077,AsymmetricalDifferentHandshape,imrp,1,Hand,BackAndForth
wrong_1,6.08,OneHanded,p,1,Head,BackAndForth
gas,6.08,AsymmetricalDifferentHandshape,thumb,1,Hand,BackAndForth
three,6.08,OneHanded,im,1,Body,Curved
month,6.097,AsymmetricalSameHandshape,i,1,Hand,Straight
fine_1,6.1,OneHanded,thumb,1,Body,BackAndForth
understand,6.1,OneHanded,i,2,Head,None
morning,6.1,AsymmetricalSameHandshape,imrp,1,Neutral,Straight
walk,6.111,SymmetricalOrAlternating,imrp,1,Neutral,BackAndForth
bed,6.12,OneHanded,imrp,1,Head,None
have,6.125,SymmetricalOrAlternating,imrp,4,Body,Straight
interpreter,6.148,SymmetricalOrAlternating,i,6,Neutral,None
help,6.148,AsymmetricalDifferentHandshape,imrp,7,Hand,BackAndForth
boy,6.16,OneHanded,imrp,3,Head,None
please,6.16,OneHanded,imrp,1,Body,Circular
internet,6.167,SymmetricalOrAlternating,m,3,Neutral,None
fine_2,6.185,OneHanded,thumb,1,Body,BackAndForth
learn,6.2,AsymmetricalDifferentHandshape,imrp,3,Hand,Straight
shop_2,6.231,AsymmetricalDifferentHandshape,imrp,4,Hand,BackAndForth
milk,6.233,OneHanded,imrp,7,Neutral,None
who,6.233,OneHanded,i,1,Head,None
where,6.24,OneHanded,i,1,Neutral,None
dog,6.258,OneHanded,im,Stacked,Neutral,None
picture,6.259,AsymmetricalDifferentHandshape,imrp,5,Head,Curved
why,6.269,OneHanded,imr,1,Head,Straight
my,6.31,OneHanded,imrp,1,Body,Straight
door,6.32,AsymmetricalSameHandshape,imrp,1,Hand,BackAndForth
nothing,6.32,SymmetricalOrAlternating,imrp,6,Neutral,BackAndForth
friday,6.32,OneHanded,i,6,Neutral,Circular
see,6.333,OneHanded,im,1,Head,Straight
drink,6.348,OneHanded,imrp,5,Head,Straight
father,6.36,OneHanded,imrp,1,Head,BackAndForth
time,6.375,AsymmetricalDifferentHandshape,i,2,Hand,BackAndForth
coffee,6.387,AsymmetricalSameHandshape,imrp,7,Hand,Circular
read,6.387,AsymmetricalDifferentHandshape,im,1,Hand,BackAndForth
school,6.4,AsymmetricalSameHandshape,imrp,1,Hand,BackAndForth
what_1,6.407,SymmetricalOrAlternating,imrp,1,Neutral,BackAndForth
no,6.433,OneHanded,im,3,Neutral,None
good,6.44,OneHanded,imrp,1,Head,Straight
more,6.458,SymmetricalOrAlternating,imrp,6,Neutral,BackAndForth
friend,6.462,SymmetricalOrAlternating,i,5,Neutral,Circular
home,6.48,OneHanded,imrp,6,Head,Curved
paper,6.484,AsymmetricalSameHandshape,imrp,1,Hand,Circular
hello,6.519,OneHanded,imrp,1,Head,Straight
tired,6.538,SymmetricalOrAlternating,imrp,5,Body,Curved
bathroom,6.556,OneHanded,thumb,Crossed,Neutral,BackAndForth
car,6.556,SymmetricalOrAlternating,imrp,7,Neutral,BackAndForth
evening,6.556,AsymmetricalSameHandshape,imrp,3,Hand,BackAndForth
parents,6.56,OneHanded,imrp,1,Head,Curved
mother,6.6,OneHanded,thumb,1,Head,BackAndForth
sleep,6.6,OneHanded,imrp,1,Head,Straight
book,6.677,SymmetricalOrAlternating,imrp,1,Neutral,BackAndForth
eat_2,6.68,OneHanded,imrp,6,Head,BackAndForth
work,6.739,AsymmetricalSameHandshape,imrp,7,Hand,BackAndForth
me,6.76,OneHanded,i,1,Body,Straight
eat_1,6.84,OneHanded,imrp,6,Head,BackAndForth
you,6.889,OneHanded,i,1,Neutral,Straight
water,6.963,OneHanded,imr,1,Head,BackAndForth
